iter,f1_macro,f1_micro
0,0.01183,0.02817
100,0.01183,0.02817
