iter,f1_macro,f1_micro
0,0.11098,0.37449
100,0.11095,0.37464
