iter,f1_macro,f1_micro
0,0.01914,0.03132
100,0.01914,0.03132
