iter,f1_macro,f1_micro
0,0.05582,0.19601
100,0.05582,0.19601
