iter,f1_macro,f1_micro
0,0.00876,0.02697
100,0.00876,0.02697
