iter,f1_macro,f1_micro
0,0.07275,0.19586
100,0.07275,0.19586
