iter,f1_macro,f1_micro
0,0.01918,0.05035
100,0.01918,0.05035
